{
  "hash": "3c8824a4",
  "configHash": "d6c48a03",
  "lockfileHash": "11b07985",
  "browserHash": "dd920992",
  "optimized": {
    "@angular/common": {
      "src": "../../../../../node_modules/@angular/common/fesm2022/common.mjs",
      "file": "@angular_common.js",
      "fileHash": "3faf9cea",
      "needsInterop": false
    },
    "@angular/core": {
      "src": "../../../../../node_modules/@angular/core/fesm2022/core.mjs",
      "file": "@angular_core.js",
      "fileHash": "cd6b38b1",
      "needsInterop": false
    },
    "@angular/forms": {
      "src": "../../../../../node_modules/@angular/forms/fesm2022/forms.mjs",
      "file": "@angular_forms.js",
      "fileHash": "79ee0006",
      "needsInterop": false
    },
    "@angular/material/button": {
      "src": "../../../../../node_modules/@angular/material/fesm2022/button.mjs",
      "file": "@angular_material_button.js",
      "fileHash": "b08b0cba",
      "needsInterop": false
    },
    "@angular/material/core": {
      "src": "../../../../../node_modules/@angular/material/fesm2022/core.mjs",
      "file": "@angular_material_core.js",
      "fileHash": "22ede9c6",
      "needsInterop": false
    },
    "@angular/material/datepicker": {
      "src": "../../../../../node_modules/@angular/material/fesm2022/datepicker.mjs",
      "file": "@angular_material_datepicker.js",
      "fileHash": "00a9d870",
      "needsInterop": false
    },
    "@angular/material/form-field": {
      "src": "../../../../../node_modules/@angular/material/fesm2022/form-field.mjs",
      "file": "@angular_material_form-field.js",
      "fileHash": "7ae04eff",
      "needsInterop": false
    },
    "@angular/material/icon": {
      "src": "../../../../../node_modules/@angular/material/fesm2022/icon.mjs",
      "file": "@angular_material_icon.js",
      "fileHash": "0b031385",
      "needsInterop": false
    },
    "@angular/material/input": {
      "src": "../../../../../node_modules/@angular/material/fesm2022/input.mjs",
      "file": "@angular_material_input.js",
      "fileHash": "ba5244f6",
      "needsInterop": false
    },
    "@angular/platform-browser": {
      "src": "../../../../../node_modules/@angular/platform-browser/fesm2022/platform-browser.mjs",
      "file": "@angular_platform-browser.js",
      "fileHash": "01cf14ac",
      "needsInterop": false
    },
    "@angular/platform-browser/animations/async": {
      "src": "../../../../../node_modules/@angular/platform-browser/fesm2022/animations/async.mjs",
      "file": "@angular_platform-browser_animations_async.js",
      "fileHash": "d1e0d2b4",
      "needsInterop": false
    },
    "@angular/router": {
      "src": "../../../../../node_modules/@angular/router/fesm2022/router.mjs",
      "file": "@angular_router.js",
      "fileHash": "8103d216",
      "needsInterop": false
    },
    "axios": {
      "src": "../../../../../node_modules/axios/index.js",
      "file": "axios.js",
      "fileHash": "9adb72c8",
      "needsInterop": false
    },
    "@reduxjs/toolkit": {
      "src": "../../../../../node_modules/@reduxjs/toolkit/dist/redux-toolkit.modern.mjs",
      "file": "@reduxjs_toolkit.js",
      "fileHash": "3d0464fb",
      "needsInterop": false
    },
    "express": {
      "src": "../../../../../node_modules/express/index.js",
      "file": "express.js",
      "fileHash": "f6fd6dbc",
      "needsInterop": true
    }
  },
  "chunks": {
    "browser-YKI23KY2": {
      "file": "browser-YKI23KY2.js"
    },
    "chunk-B7A23LRB": {
      "file": "chunk-B7A23LRB.js"
    },
    "chunk-ZW3XBQKW": {
      "file": "chunk-ZW3XBQKW.js"
    },
    "chunk-MYSOZWTB": {
      "file": "chunk-MYSOZWTB.js"
    },
    "chunk-6NDVEGZA": {
      "file": "chunk-6NDVEGZA.js"
    },
    "chunk-IXOBJK4V": {
      "file": "chunk-IXOBJK4V.js"
    },
    "chunk-W7R5JJMG": {
      "file": "chunk-W7R5JJMG.js"
    },
    "chunk-UOKLLT43": {
      "file": "chunk-UOKLLT43.js"
    },
    "chunk-M7GQHXKL": {
      "file": "chunk-M7GQHXKL.js"
    },
    "chunk-6IG72ESI": {
      "file": "chunk-6IG72ESI.js"
    },
    "chunk-KNR237W5": {
      "file": "chunk-KNR237W5.js"
    }
  }
}